{
  "popularity": {
    "precision@k": 0.042857142857142864,
    "recall@k": 0.0346945083880483,
    "f1@k": 0.0383462499758734,
    "hit_rate": 0.036,
    "evaluated_users": 100,
    "coverage": 1.0,
    "catalog_coverage": 0.0008564087924636027
  },
  "user_cf": {
    "precision@k": 0.0,
    "recall@k": 0.0,
    "f1@k": 0.0,
    "hit_rate": 0.0,
    "evaluated_users": 1,
    "coverage": 0.01,
    "catalog_coverage": 0.0003171884416531862
  },
  "item_cf": {
    "precision@k": 0.0,
    "recall@k": 0.0,
    "f1@k": 0.0,
    "hit_rate": 0.0,
    "evaluated_users": 1,
    "coverage": 0.01,
    "catalog_coverage": 0.0003171884416531862
  },
  "matrix_factorization": {
    "precision@k": 0.0,
    "recall@k": 0.0,
    "f1@k": 0.0,
    "hit_rate": 0.0,
    "evaluated_users": 1,
    "coverage": 0.01,
    "catalog_coverage": 0.0003171884416531862
  },
  "genre_content": {
    "precision@k": 0.010714285714285713,
    "recall@k": 0.006616424250352821,
    "f1@k": 0.008180883526393644,
    "hit_rate": 0.009,
    "evaluated_users": 100,
    "coverage": 1.0,
    "catalog_coverage": 0.017921146953405017
  },
  "tfidf_content": {
    "precision@k": 0.009523809523809525,
    "recall@k": 0.009058846558846558,
    "f1@k": 0.009285511042998375,
    "hit_rate": 0.008,
    "evaluated_users": 100,
    "coverage": 1.0,
    "catalog_coverage": 0.019792558759158817
  },
  "hybrid": {
    "precision@k": 0.009523809523809525,
    "recall@k": 0.009058846558846558,
    "f1@k": 0.009285511042998375,
    "hit_rate": 0.008,
    "evaluated_users": 100,
    "coverage": 1.0,
    "catalog_coverage": 0.01947537031750563
  }
}