{
  "genre_based": {
    "precision@k": 0.010714285714285713,
    "recall@k": 0.006616424250352821,
    "f1@k": 0.008180883526393644,
    "hit_rate": 0.009,
    "evaluated_users": 100,
    "coverage": 1.0,
    "catalog_coverage": 0.017921146953405017
  },
  "tfidf_based": {
    "precision@k": 0.009523809523809525,
    "recall@k": 0.009058846558846558,
    "f1@k": 0.009285511042998375,
    "hit_rate": 0.008,
    "evaluated_users": 100,
    "coverage": 1.0,
    "catalog_coverage": 0.019792558759158817
  }
}