{
  "precision@k": 0.009523809523809525,
  "recall@k": 0.009058846558846558,
  "f1@k": 0.009285511042998375,
  "hit_rate": 0.008,
  "evaluated_users": 100,
  "coverage": 1.0,
  "catalog_coverage": 0.01947537031750563
}